ID,target
test_2,0.824604668576751
test_3,0.004880246517095654
test_4,0.04470686285641082
test_8,0.9832794298129045
test_9,0.019348499813203898
test_10,0.0044306869652569175
test_11,0.3880524653259216
test_14,0.6958238690008722
test_16,0.9512245298020247
test_19,0.5537487929151398
test_20,0.024680621046584673
test_22,0.5811084923126283
test_23,0.9808824379988692
test_24,0.45668268245865296
test_26,0.9817906367037244
test_27,0.8982303879773216
test_28,0.09177641068157885
test_30,0.03285936722502816
test_33,0.017131101051170546
test_34,0.9793417223871612
test_35,0.9888874807229684
test_36,0.9888727908006137
test_37,0.948337769306187
test_40,0.006894981140218759
test_41,0.8765100723213737
test_42,0.9731435498202027
test_43,0.9805731145214974
test_44,0.9831349737413675
test_45,0.008162130519258074
test_46,0.05256985730179242
test_48,0.0187465193981971
test_49,0.006134910568494426
test_51,0.20964647416118437
test_52,0.02142775478468273
test_53,0.9593124144863738
test_54,0.0038606147184458003
test_55,0.5300047364879921
test_56,0.011382140822941075
test_58,0.8210733270766646
test_59,0.004163467171959265
test_63,0.9880016442151943
test_64,0.1322345567328138
test_65,0.9667634475452503
test_66,0.9794850917263899
test_67,0.006884798442440672
test_69,0.5108167365034129
test_70,0.9876645341136314
test_71,0.10552690226372627
test_72,0.7682700061125796
test_75,0.8150629968167831
test_76,0.9735956635131515
test_78,0.9165010420500452
test_80,0.004430169932430485
test_81,0.9892429456503955
test_83,0.0426853540912624
test_85,0.8743340198688114
test_90,0.013849704925567094
test_92,0.9288927658499411
test_93,0.0047782071149784725
test_94,0.013711300843111798
test_95,0.9603139284109135
test_96,0.02020117876349248
test_97,0.7059116177480885
test_98,0.7615161575363182
test_101,0.05452375859619487
test_102,0.9834667402687476
test_103,0.0035105814184925297
test_105,0.018000563631800602
test_106,0.016711603719841248
test_107,0.9784139195692603
test_108,0.9713654364286576
test_109,0.031289884036955574
test_110,0.0035653695307014954
test_111,0.9310543543341236
test_112,0.9698154278701423
test_115,0.006910271360971901
test_116,0.11689774693650219
test_119,0.9748435059540228
test_120,0.027178921887064174
test_123,0.9655592741906001
test_124,0.9801880843895348
test_125,0.03964172700145505
test_126,0.9351860030782142
test_127,0.18726668399773144
test_130,0.7099528537581901
test_132,0.0268706686287802
test_133,0.9916905839972612
test_134,0.8663765465760436
test_136,0.9597484385018558
test_137,0.9789447924473125
test_138,0.014044041363518616
test_140,0.006883250346259587
test_141,0.0034122722501069283
test_142,0.9649074421996915
test_143,0.006168940683625798
test_145,0.9706188298599907
test_146,0.04467472657854818
test_147,0.7638598985699405
test_148,0.9753758441395615
test_149,0.8582527097793756
test_150,0.389947240948805
test_151,0.026330579515365653
test_153,0.8469123422618271
test_154,0.7028464004227926
test_157,0.9369835821800535
test_158,0.010032186340653105
test_160,0.043567608927933356
test_163,0.0036497321452041175
test_165,0.004983140214294244
test_167,0.005725587511843371
test_168,0.9777979284286875
test_169,0.9901417230336855
test_170,0.9798253536699871
test_171,0.03390734516731131
test_172,0.9193061580384292
test_173,0.9769926641545
test_174,0.9666348844848531
test_175,0.008812127784694037
test_176,0.023559015716327215
test_177,0.2565261716628198
test_178,0.003663324081566721
test_179,0.007341759014752263
test_181,0.007138828437544514
test_184,0.01643089985225704
test_186,0.0277806052063503
test_188,0.017023724235997597
test_189,0.9783836772134287
test_190,0.9832782737442969
test_192,0.027278905223388654
test_193,0.005437467939337011
test_195,0.8556615870788467
test_196,0.21149365143359788
test_197,0.018480306868520917
test_198,0.9896562895651678
test_201,0.9546283267027624
test_202,0.9869981946142973
test_203,0.004145770965421451
test_208,0.9936175322670164
test_209,0.9767152690064508
test_210,0.004030577940458409
test_211,0.9630436550157011
test_212,0.2714264355903967
test_213,0.005382443518029399
test_214,0.9718034059367902
test_215,0.004206146502998681
test_216,0.0065048761263680616
test_218,0.03679872935645342
test_219,0.9498731699890968
test_220,0.9857961874602555
test_221,0.9702063264052023
test_222,0.3463800332523649
test_223,0.014873797035062827
test_224,0.9642772862435101
test_226,0.9790265268937481
test_227,0.9352273129892679
test_229,0.9770903515112476
test_231,0.8616717200676668
test_232,0.8416469210020608
test_233,0.9663022430297582
test_234,0.6677691859100354
test_236,0.01806620067189226
test_238,0.008858279015194809
test_240,0.980050645168561
test_241,0.013740831978266685
test_242,0.8332254172509739
test_243,0.022725318852064764
test_244,0.8061917654062677
test_245,0.007633745170440897
test_250,0.007200245543922646
test_251,0.43610139622469274
test_252,0.9877964135893185
test_253,0.916851163880286
test_254,0.9842546146842374
test_256,0.9911768365850872
test_258,0.9436379528622357
test_259,0.2513713552066257
test_260,0.414473844510689
test_261,0.223047238290015
test_263,0.03425537393335174
test_264,0.1760730441020626
test_266,0.004309517479975491
test_267,0.024184589363842785
test_268,0.004090863554241852
test_269,0.05258784253828972
test_270,0.963024592699656
test_272,0.9904490565081343
test_273,0.9650880611431353
test_275,0.009886588044593764
test_276,0.005923571654919272
test_277,0.015740872194129965
test_279,0.9931143828048972
test_281,0.6100390182409963
test_282,0.038654366962170776
test_283,0.007476397617852464
test_284,0.015379889197681323
test_285,0.007237264291239949
test_286,0.15509805774380955
test_289,0.07697232727045047
test_290,0.07716967330176987
test_291,0.004003236259495773
test_302,0.8535544128568618
test_303,0.9843788584221211
test_304,0.8163232978258316
test_306,0.9591733596176137
test_308,0.022351685435749523
test_309,0.17039820456005073
test_310,0.03263964851101574
test_311,0.8211673208168581
test_312,0.019096140685752265
test_313,0.13428667050028534
test_316,0.008766899988593941
test_318,0.5083232122962076
test_319,0.06252076346352894
test_321,0.04056053506021109
test_330,0.9859137581335169
test_331,0.9669539436406709
test_334,0.925432955028126
test_335,0.0042012868730074895
test_337,0.6860195299179004
test_338,0.9905199026527068
test_339,0.9290502781692844
test_340,0.027819864713306823
test_342,0.962957874135497
test_344,0.025751607300424306
test_345,0.7314817667515222
test_346,0.16601243365828514
test_347,0.8499315509701975
test_348,0.8898265173456792
test_349,0.9317722886962742
test_350,0.19989499519363418
test_351,0.024002489374805265
test_352,0.9774198087093632
test_353,0.03364419033836326
test_354,0.017977150689502074
test_356,0.9821410856981585
test_359,0.015933064591080365
test_360,0.005131984289732059
test_361,0.2536422806044501
test_363,0.005723494886776157
test_365,0.9105971084972759
test_366,0.004232102034860455
test_367,0.7457694822442298
test_368,0.06361083324626099
test_369,0.6691422389301287
test_371,0.8212431720176957
test_372,0.018573661563284192
test_373,0.7524156988403365
test_375,0.9906299002306593
test_378,0.9439990329177956
test_380,0.8963436879076572
test_381,0.04689999711026009
test_383,0.13432002171581953
test_384,0.01871719552505418
test_385,0.006008131668406987
test_386,0.9652764029029793
test_388,0.47708952787852443
test_389,0.0917002860856728
test_390,0.5112353937811276
test_393,0.9924006868910238
test_394,0.9178179329480916
test_395,0.585444354913425
test_396,0.9608997169632829
test_397,0.7701052580229382
test_398,0.13939496655432468
test_401,0.9744133217725617
test_402,0.0076361397245134814
test_403,0.003953153247449538
test_406,0.023214645577657168
test_407,0.9860034362772645
test_410,0.0542354927527254
test_411,0.9883370565103741
test_412,0.8288578129705103
test_413,0.06865344124993455
test_414,0.9874029625217918
test_416,0.0300199379158806
test_417,0.9749827929490629
test_418,0.003085436459030052
test_419,0.8177001283808989
test_420,0.8299867732306104
test_421,0.9918256070299816
test_423,0.11628209023738549
test_424,0.815664988694996
test_426,0.5752706138972989
test_428,0.9871278052257544
test_429,0.9651304718530463
test_430,0.011843224839153614
test_431,0.03015589275607631
test_432,0.9823923656681226
test_435,0.9439692993110818
test_436,0.016564245372048318
test_437,0.7183941357965404
test_438,0.951229850386895
test_441,0.013100674661240746
test_442,0.022325571710062372
test_444,0.9843869159349424
test_445,0.0036940520827764044
test_446,0.0042340317630878395
test_447,0.012804208420661678
test_448,0.08249138777855378
test_449,0.7974484541973422
test_450,0.9669789234882676
test_452,0.0056990589511736
test_453,0.9861381135637675
test_454,0.677684799480424
test_455,0.03854266002484448
test_456,0.005542852771993624
test_457,0.004811396565221679
test_458,0.004093876845035039
test_459,0.013483540357777477
test_461,0.004550576187613835
test_463,0.9035736238039809
test_464,0.006154973833105641
test_465,0.9802687808767923
test_466,0.8607173600242344
test_467,0.9840065284328023
test_470,0.003959360848236463
test_471,0.046082231199809275
test_473,0.9449580756854257
test_474,0.05282513410514256
test_475,0.9895416225420851
test_476,0.004446057382689586
test_477,0.05241886199774903
test_478,0.05579369177855329
test_479,0.9827285203836574
test_481,0.03523683732219897
test_482,0.03695287588392618
test_483,0.10819603080462081
test_484,0.09394248911528547
test_485,0.9318691382694497
test_486,0.43610790337552113
test_487,0.08254886084015442
test_488,0.9014730854253742
test_489,0.8080297144019966
test_490,0.9514407026549833
test_491,0.03496245884066396
test_492,0.9715011644134132
test_494,0.850962142065369
test_496,0.003609754838191593
test_497,0.2316814972912929
test_498,0.003937788209064766
test_499,0.8408844553784682
test_500,0.05311828922756569
test_501,0.9911503194533445
test_502,0.006844247111044097
test_504,0.3229001422873999
test_505,0.980020416254028
test_507,0.0036272954854972123
test_508,0.023294822842649086
test_509,0.01768880778537446
test_510,0.05576516567930434
test_511,0.32334443888026715
test_512,0.984157776627803
test_513,0.20816880275966865
test_516,0.8767494310693911
test_517,0.09632335648463392
test_518,0.8232516470163629
test_520,0.7054657361190234
test_521,0.7988799956941832
test_524,0.009770748620090938
test_525,0.2993256756989462
test_526,0.06764444153733079
test_527,0.9932073720955934
test_530,0.9801059144285376
test_533,0.0037106558159305815
test_534,0.9931211048244517
test_535,0.008716615973652428
test_536,0.5516160149625338
test_537,0.025159395623013336
test_539,0.07537861613998335
test_540,0.17726445068406965
test_542,0.9460042706862959
test_544,0.9914125211130189
test_548,0.8986054670684342
test_550,0.03714669682431056
test_551,0.02801877085959482
test_552,0.1449929631669197
test_554,0.9476984955814904
test_555,0.02931153678444165
test_557,0.9847678626609463
test_560,0.8697245479762298
test_561,0.7608591160811827
test_562,0.6030928098570205
test_563,0.9606284551516276
test_565,0.13394276145161377
test_568,0.9811925954591834
test_569,0.003068341514665462
test_570,0.010340164105739357
test_571,0.9772671051322648
test_572,0.024744053792360478
test_573,0.989925879816402
test_574,0.005107727059409208
test_575,0.3584166241336381
test_576,0.3343243130085301
test_579,0.0042379802201448
test_580,0.9906079751381165
test_581,0.01386738284375599
test_582,0.024293136021764215
test_583,0.9559342639646907
test_585,0.004341691924660022
test_586,0.00384883607691729
test_587,0.1044138529960112
test_590,0.005231050047468642
test_591,0.037966079201466434
test_593,0.3067338627750628
test_595,0.016465452592409335
test_596,0.012404678995617462
test_597,0.039344602869968846
test_598,0.9682739657936825
test_599,0.0044342340251506875
test_600,0.9854905219401525
test_601,0.9936055809741837
test_602,0.8933933060935878
test_603,0.972391295987633
test_604,0.003766313509665264
test_605,0.969517963248164
test_606,0.9361338061682769
test_607,0.02695166958580702
test_608,0.9613584324873441
test_609,0.9068341134261428
test_610,0.01426633138975098
test_613,0.01854710030587741
test_614,0.0239472546606417
test_615,0.00559200011437328
test_616,0.7553476433592061
test_617,0.012512432108212216
test_619,0.06899814004967633
test_620,0.5233377371225082
test_622,0.5744055184996237
test_625,0.10227030693495713
test_626,0.977030267629224
test_627,0.011314556612482797
test_628,0.00785190560708782
test_629,0.9635938519384784
test_631,0.01035801413791963
test_632,0.06465961806133318
test_634,0.9825916636498377
test_635,0.01676513690811423
test_637,0.9303858529830075
test_638,0.9777585971872572
test_639,0.06121603867633442
test_640,0.00608057706638891
test_641,0.0034301285425325746
test_642,0.9875292574308008
test_644,0.024283107558568766
test_645,0.020461281255003676
test_647,0.004408849694437914
test_648,0.9827713411962062
test_649,0.21886541882016694
test_650,0.8175558662096389
test_651,0.5190701986247432
test_653,0.003368380649678054
test_655,0.02043283618206478
test_656,0.5852848072735823
test_657,0.9355410620436322
test_658,0.9889320797214411
test_659,0.04050837303293328
test_661,0.9311113731476819
test_662,0.18891015027227792
test_664,0.019999482567643417
test_667,0.003405767405582723
test_669,0.9141248995137371
test_672,0.9871082381461289
test_674,0.735259485394787
test_675,0.004169765600704952
test_676,0.5762222446324111
test_677,0.022232195254387722
test_679,0.9421789719679321
test_680,0.004542274481841337
test_681,0.9682162036808585
test_682,0.706227730571027
test_688,0.056163137177118495
test_689,0.04971982729688548
test_690,0.9831378463308666
test_691,0.053902269779501646
test_693,0.29996177705523974
test_695,0.004649271876609592
test_696,0.08653678146275096
test_697,0.004111180448198774
test_698,0.9911247432635125
test_699,0.8934606338745807
test_701,0.005569327939070626
test_703,0.0027784411477700783
test_704,0.21756388710271554
test_705,0.22939450760567287
test_706,0.026228292498579758
test_709,0.08662707896905662
test_711,0.022609868947426292
test_713,0.02169474866843948
test_714,0.9503858878884472
test_715,0.007722597588149756
test_716,0.0043557475497136835
test_717,0.7803913685795479
test_718,0.018848333107796496
test_719,0.009080508592819532
test_722,0.0063490794219785655
test_723,0.3434468087926136
test_724,0.9876409143528218
test_726,0.0036270811568093067
test_727,0.3067155635632887
test_732,0.9213979384758938
test_734,0.962773889996764
test_735,0.026804433188929416
test_736,0.9610125685961226
test_738,0.9557362098083215
test_739,0.23647685797961732
test_740,0.9851122716669736
test_741,0.011780433988382471
test_743,0.022317029415086315
test_744,0.7745624766618666
test_746,0.04856029188841764
test_748,0.9115564421597835
test_749,0.9902333211794836
test_751,0.010212807663718536
test_752,0.9882715665779379
test_754,0.5747046628246817
test_755,0.004396446123439942
test_756,0.9890661289623457
test_757,0.006671912814989642
test_758,0.34825118651373693
test_760,0.741136890013241
test_761,0.0034109373823298997
test_762,0.2946789635405791
test_766,0.005787357785718221
test_767,0.0033185833364173557
test_768,0.01746818449493157
test_771,0.018411050937120817
test_772,0.015835199332445347
test_773,0.9868446287729506
test_776,0.9205410224707471
test_777,0.27610369808020196
test_778,0.9878301737535946
test_780,0.6825867107623286
test_782,0.05896017904170194
test_784,0.004893562298546693
test_785,0.9520397354857895
test_786,0.05235905202458372
test_789,0.9670461039755651
test_790,0.983797558654639
test_791,0.007354295311338055
test_792,0.960052919339577
test_793,0.006032239467373441
test_794,0.9919462728554175
test_795,0.01219568216081192
test_797,0.008992692159161694
test_802,0.9890873917613613
test_803,0.9766988595830535
test_806,0.2268425433179889
test_807,0.06554335958038253
test_808,0.6412262526002154
test_809,0.08157313856161352
test_810,0.3510018142708583
test_811,0.041251577804580844
test_813,0.9629182000599753
test_814,0.010538465401262905
test_815,0.14068759536067402
test_817,0.9172762648487989
test_818,0.7531115280067053
test_819,0.9457648837388986
test_820,0.0037726170359261373
test_821,0.025405326716175885
test_826,0.004099756455650442
test_827,0.9437296002474399
test_828,0.1251839955341425
test_832,0.2592928658571182
test_835,0.006390476704107735
test_837,0.04012476033709471
test_838,0.9360405870345794
test_840,0.01925764735058859
test_841,0.8793556839551812
test_843,0.930890483634909
test_844,0.058574374299850275
test_848,0.9844280081726732
test_849,0.9938953344224819
test_850,0.9732583210715224
test_851,0.7267034380802769
test_852,0.14997048673918573
test_853,0.7450453496935319
test_854,0.5638250017180022
test_856,0.004189338120368323
test_857,0.0033951193445210157
test_860,0.9435021086357944
test_861,0.9599024145629806
test_862,0.02298600581890381
test_863,0.043167381635238075
test_864,0.8700064303718203
test_865,0.8469218426253777
test_867,0.023212160472924456
test_868,0.0326090024326084
test_870,0.9071672990514686
test_871,0.48858498190223665
test_873,0.9642973212902831
test_876,0.9333010207970075
test_879,0.01640950342644302
test_880,0.9730825680315706
test_881,0.8028984447102108
test_883,0.01642774885144638
test_884,0.9800690789248497
test_885,0.3471360283635594
test_886,0.6018375918870837
test_887,0.9795954449160403
test_890,0.9899900267917303
test_891,0.9891612365239079
test_892,0.9899306826485288
test_893,0.011581235219451286
test_895,0.9698356281956613
test_897,0.0038091689168631357
test_898,0.9801157573614472
test_899,0.9826891683477381
test_900,0.9882306168509128
test_901,0.010898678849568692
test_902,0.00927470765936517
test_903,0.0742766100753373
test_904,0.9774449160570213
test_905,0.0054185113284087065
test_908,0.05485508083898294
test_910,0.9814153346214824
test_911,0.9862574426698678
test_912,0.7576290350319906
test_913,0.01652207448499074
test_916,0.011050515934112663
test_917,0.9647887166132325
test_919,0.015579460424592868
test_920,0.9832244416638926
test_921,0.9880160413327808
test_922,0.9914738917737715
test_924,0.15876865908640567
test_925,0.6894539168660065
test_926,0.04502977913482398
test_927,0.0057461633247330645
test_929,0.9659062284161333
test_930,0.036811776510745374
test_931,0.059039872137396546
test_932,0.984542724506789
test_933,0.9671418148577293
test_935,0.9721912468398072
test_937,0.986722494703014
test_939,0.009042433003971288
test_940,0.004737108514957041
test_942,0.7889686486385247
test_943,0.004268519046387365
test_944,0.9888950688367627
test_947,0.010232369991021211
test_949,0.8060211584622323
test_950,0.8943006066252301
test_951,0.9368714781345397
test_952,0.0034861415399211567
test_953,0.003127265453549186
test_955,0.005595482889667263
test_956,0.005027221040577032
test_957,0.009965388597626735
test_960,0.9875927721553734
test_961,0.01878803242127473
test_963,0.9908660150670986
test_964,0.005119300123391707
test_965,0.7829941595095782
test_968,0.0472318107199314
test_970,0.894514286549042
test_971,0.01042119278737014
test_972,0.031022336233252894
test_973,0.004406072699766543
test_975,0.9748287784072595
test_979,0.03819994092290883
test_980,0.004916741013836571
test_983,0.9769214837896392
test_984,0.02869601260852488
test_985,0.0256044127801343
test_986,0.20569931343509026
test_988,0.16953072628375582
test_989,0.7506138174405851
test_991,0.9176223622579522
test_992,0.03275802206539302
test_993,0.04989444463598739
test_997,0.9768482497677076
test_998,0.04229456021646223
test_1002,0.9867734583871165
test_1003,0.8670214508424099
test_1004,0.9896537811545034
test_1005,0.5874620869947812
test_1007,0.9587087670059444
test_1009,0.02007487210590524
test_1011,0.07155540551689411
test_1014,0.9886248829548274
test_1015,0.9856873747760639
test_1016,0.02383984377952631
test_1017,0.00352913715226959
test_1019,0.007374864097429178
test_1020,0.9802285620148045
test_1021,0.0046772352949112205
test_1022,0.9758274833381219
test_1023,0.00470084014326827
test_1024,0.011722565657187618
test_1025,0.266542327237699
test_1027,0.8700536800150307
test_1028,0.06843296611497453
test_1029,0.01152138436682914
test_1030,0.11646992511017784
test_1032,0.9829328451874654
test_1034,0.9785642484575018
test_1035,0.9897367682890469
test_1038,0.9843982585762042
test_1039,0.023006471844785922
test_1040,0.005044700367729459
test_1041,0.9907944898735623
test_1043,0.050092083767442785
test_1044,0.003610842674923066
test_1045,0.08341976716725791
test_1047,0.03298657437051689
test_1048,0.04050866130115511
test_1050,0.26764607875644447
test_1051,0.13688278233215523
test_1052,0.02875158628961271
test_1053,0.9922920558010571
test_1055,0.04091097546124684
test_1056,0.0046511424918595275
test_1058,0.007265157563437015
test_1059,0.07637223267344243
test_1060,0.029240827598863935
test_1061,0.9836146921547453
test_1062,0.9810989991385808
test_1063,0.00657249021219219
test_1064,0.17236078403639837
test_1065,0.05743994600718892
test_1066,0.10347486047948644
test_1069,0.013176349259699748
test_1070,0.009685266651291626
test_1074,0.6869367953416714
test_1075,0.9675777462960431
test_1077,0.9863013789336795
test_1078,0.0038184040304321673
test_1079,0.9546287328500286
test_1080,0.5696255240038014
test_1081,0.9562774002603683
test_1082,0.9792044343931356
test_1083,0.9938915460177375
test_1084,0.03714531757819006
test_1085,0.9778480202359662
test_1086,0.007176082690646869
test_1087,0.9811464504842362
test_1088,0.031861860101073704
test_1090,0.006236413905083397
test_1093,0.9684860777573145
test_1094,0.003914526923284985
test_1095,0.9892139988349837
test_1096,0.021187255340724364
test_1098,0.9667871115556348
test_1103,0.02386314899801378
test_1104,0.8187218009209778
test_1105,0.9917768884931064
test_1107,0.9873019937154928
test_1108,0.00320595016824369
test_1109,0.004798537446023753
test_1110,0.009194781315732235
test_1111,0.023112240474103228
test_1114,0.003750663209720046
test_1117,0.0036758601886730372
test_1118,0.015363243718185737
test_1119,0.8540007966489535
test_1120,0.010008991363317033
test_1121,0.03809306289141008
test_1122,0.9331710939128263
test_1123,0.9707828836049982
test_1124,0.7886498234058543
test_1126,0.9882802027993925
test_1127,0.005943141657125704
test_1128,0.6802056513386078
test_1129,0.9712151997254544
test_1133,0.004087664038609382
test_1135,0.017593112658419167
test_1136,0.10192844591093338
test_1137,0.010271030376359045
test_1138,0.00591528683883246
test_1139,0.48106124487472784
test_1143,0.05747197796382329
test_1144,0.016119561719387047
test_1145,0.9820243403280278
test_1146,0.8911724286049761
test_1147,0.9779857892698105
test_1148,0.0059463355415592225
test_1149,0.9221683835401508
test_1150,0.9862838226993166
test_1152,0.02606736222509153
test_1153,0.005860074388991056
test_1154,0.9513140884013087
test_1155,0.051698787002545085
test_1156,0.9928859680358144
test_1157,0.010341522804370656
test_1161,0.977320540950372
test_1163,0.003631103171648448
test_1164,0.9304026081098042
test_1165,0.9717313844612372
test_1166,0.9052257141400044
test_1167,0.9704401834748335
test_1172,0.008792886561844796
test_1173,0.012098473231436837
test_1174,0.9416613758634254
test_1175,0.0068180769656571525
test_1176,0.03522021352413899
test_1178,0.9905436729985022
test_1179,0.987167080113309
test_1180,0.2563379694391231
test_1181,0.004289186862228568
test_1182,0.8946239857983811
test_1183,0.9619908387957578
test_1184,0.9654781501823324
test_1186,0.010190700212541736
test_1187,0.02452773326068858
test_1188,0.9856279562673651
test_1189,0.014997412199551887
test_1190,0.009470450284972093
test_1192,0.9292263541542012
test_1193,0.6678491589124986
test_1194,0.7543087778355753
test_1195,0.305624091449155
test_1196,0.00553573064658559
test_1197,0.9863212991595234
test_1198,0.011918456442011045
test_1199,0.9522540946378285
test_1200,0.9670718976064719
test_1202,0.7640801804434629
test_1204,0.9341583920792964
test_1205,0.8954970781007658
test_1206,0.10955747157227483
test_1207,0.9850489756813706
test_1208,0.025415583470780802
test_1211,0.9641735982937212
test_1212,0.9758744801217748
test_1213,0.9865433463605005
test_1214,0.004805521001977129
test_1217,0.004678979397013808
test_1219,0.989183357763976
test_1220,0.9592038755397765
test_1221,0.7194341895970777
test_1223,0.7271007791800237
test_1224,0.9890910046778469
test_1226,0.9578126413498722
test_1227,0.022781071014175275
test_1228,0.004909363207193854
test_1230,0.6459808516704604
test_1231,0.04307550710930947
test_1232,0.4901088489851627
test_1234,0.15021123996127997
test_1237,0.003758103760296069
test_1238,0.030166600984487084
test_1241,0.9119128112639515
test_1243,0.004527467109130524
test_1244,0.09183584949945925
test_1249,0.9746199446450591
test_1251,0.2689265904742153
test_1253,0.08897234008454129
test_1255,0.9864977195120357
test_1257,0.9869269084756824
test_1259,0.025692916759503
test_1260,0.936079978300454
test_1261,0.06435204945169927
test_1262,0.9791571701090722
test_1263,0.895736880006039
test_1266,0.9902650522657345
test_1267,0.9912027337934127
test_1270,0.017328964390288068
test_1271,0.40988911298797115
test_1273,0.5600918947078999
test_1274,0.9913505484710514
test_1275,0.9669743193388556
test_1276,0.028716883829712353
test_1277,0.9821101616506434
test_1281,0.6486660784928651
test_1284,0.6514337429246775
test_1287,0.28907192017116334
test_1289,0.9466450729301858
test_1290,0.043943863011401775
test_1293,0.9855226892249002
test_1294,0.0037909373137526075
test_1295,0.9911341720391051
test_1296,0.20833415674141548
test_1297,0.9768825603190425
test_1298,0.9688030208255662
test_1299,0.007531915284316945
test_1301,0.9901358729763157
test_1303,0.011851503330501605
test_1305,0.9298443665821541
test_1306,0.9581115996718372
test_1307,0.255272104031781
test_1308,0.009859375961904464
test_1309,0.0039309324025608855
test_1310,0.10429590132076123
test_1311,0.9552933641054911
test_1312,0.8098800826771704
test_1313,0.9887859731606431
test_1314,0.07840903544521023
test_1317,0.007860272601863207
test_1320,0.886593170985537
test_1323,0.3473248859703585
test_1325,0.4278190119739202
test_1326,0.02424963107407805
test_1329,0.8160151806474598
test_1330,0.9782890915818838
test_1332,0.9748901638836784
test_1333,0.8501792080247336
test_1334,0.0055487723079053535
test_1335,0.9817650116285312
test_1336,0.09045886757165945
test_1337,0.09413965817897721
test_1338,0.983979395218571
test_1341,0.030939451965818803
test_1342,0.9929267487277744
test_1343,0.9200380559512162
test_1345,0.006656684803889567
test_1348,0.9268296433179388
test_1351,0.9860425737025624
test_1353,0.9910465579461487
test_1354,0.0878661432332006
test_1357,0.0048197618443216236
test_1358,0.005672740499321335
test_1361,0.08534730177828148
test_1362,0.3018714493045636
test_1363,0.054934211947434794
test_1364,0.004684668473773632
test_1365,0.5951336276121675
test_1366,0.9693589427608942
test_1367,0.280524377914772
test_1369,0.2508715554328504
test_1371,0.9524103671017409
test_1372,0.005704033032391218
test_1373,0.03901364767202757
test_1375,0.9889667102693102
test_1376,0.04578983502251238
test_1379,0.9447594615067582
test_1380,0.9826774165844425
test_1381,0.028693813643725412
test_1382,0.9881673490712544
test_1383,0.02186532764223347
test_1384,0.05420478858075299
test_1385,0.05875056911203419
test_1387,0.04240390241983131
test_1388,0.8857012191554373
test_1391,0.06955268746959017
test_1392,0.01772136348164545
test_1393,0.00439859829213074
test_1394,0.0519454541344768
test_1397,0.003202818172233084
test_1399,0.02361225729878786
test_1400,0.00448764012654739
test_1402,0.8907671825839897
test_1403,0.023185421923375207
test_1404,0.006669109033120126
test_1407,0.017457539918413922
test_1409,0.984019943402646
test_1410,0.9114874357849037
test_1413,0.9700495087373044
test_1414,0.023085521155326
test_1415,0.1945622313441656
test_1416,0.0069908854146720645
test_1420,0.5262400014000655
test_1421,0.9059572228221754
test_1422,0.972879114590882
test_1423,0.0031775014026491633
test_1424,0.8449191888326171
test_1425,0.007425927051981073
test_1428,0.9639868278338831
test_1430,0.9813125605183712
test_1434,0.30964464570785105
test_1435,0.003423600345228317
test_1436,0.9615861895671903
test_1438,0.0038320723880860136
test_1440,0.9138002912307153
test_1443,0.5903880941897139
test_1444,0.010471527250522035
test_1445,0.017071471835705034
test_1446,0.9394879211147895
test_1447,0.992920905715151
test_1449,0.9652088851292415
test_1450,0.9800891196647651
test_1451,0.041852850585848436
test_1453,0.983652545905748
test_1454,0.9726095240372103
test_1455,0.31913039470815796
test_1457,0.018325361583311148
test_1458,0.9861440859321273
test_1459,0.016737507272541245
test_1461,0.03156358706043934
test_1464,0.009529152463028582
test_1465,0.0286741300697482
test_1466,0.005684387004742176
test_1467,0.08781214204235906
test_1468,0.9734240702170285
test_1469,0.00539560380666656
test_1470,0.8262886693878334
test_1471,0.009589876149753812
test_1472,0.06297874440658734
test_1473,0.006588242864219614
test_1474,0.9937135486512327
test_1475,0.022740561835573384
test_1476,0.6044817038581851
test_1477,0.9835630090263783
test_1480,0.9666266921862722
test_1482,0.9834047380094881
test_1483,0.6660189653947091
test_1485,0.4270257029649153
test_1486,0.05360411014880697
test_1489,0.10219311210569682
test_1490,0.005258164101393898
test_1492,0.0040440528707161
test_1493,0.004624497473046309
test_1494,0.08835490216226193
test_1495,0.8121324834229082
test_1497,0.019228013953525296
test_1501,0.9666707275982473
test_1502,0.9895775078036999
test_1503,0.4824305162202819
test_1505,0.7269480363517753
test_1506,0.9609486522664226
test_1509,0.014788341936250032
test_1512,0.05006095492760389
test_1513,0.06427894510319102
test_1515,0.008224884273725851
test_1516,0.2570222725019706
test_1520,0.9032867583565908
test_1521,0.02142472757374644
test_1523,0.003863056059560891
test_1524,0.004008827380412484
test_1525,0.9550595592351728
test_1526,0.9854969365545185
test_1527,0.9322880752542393
test_1528,0.23485522967467026
test_1529,0.9890939837049262
test_1530,0.0180151497362642
test_1531,0.9932218075000228
test_1532,0.04008056390045339
test_1533,0.9336516328598338
test_1534,0.5208789962048596
test_1535,0.5723888351532601
test_1537,0.003547401230663082
test_1541,0.7583070291842218
test_1542,0.005099641429371844
test_1544,0.01611313532418687
test_1546,0.05163849539491294
test_1548,0.544087198875302
test_1549,0.03315700398682305
test_1554,0.035430668332925
test_1555,0.051817260708275616
test_1557,0.007938999534099137
test_1559,0.8527592137042028
test_1560,0.9904136613446143
test_1562,0.007262302151668629
test_1563,0.051916105683538216
test_1564,0.11638563087212159
test_1566,0.1942608856753661
test_1567,0.006129168213443314
test_1568,0.8275459806635139
test_1569,0.469213934999956
test_1570,0.902210436661593
test_1571,0.9866603688653139
test_1572,0.016443826860787426
test_1575,0.16077659199968694
test_1576,0.6858287205446347
test_1577,0.9267710400422278
test_1578,0.899585549333227
test_1580,0.9595010260858722
test_1581,0.017937692863224358
test_1582,0.06272009484820525
test_1583,0.9856457965084517
test_1586,0.03836068096709802
test_1587,0.0035500894836904403
test_1588,0.03619725893798279
test_1592,0.011607211324675081
test_1593,0.8079152743522469
test_1595,0.022045476857472292
test_1600,0.005109472451411132
test_1601,0.9156539668170625
test_1602,0.9924684981784507
test_1603,0.9810517038856951
test_1606,0.9454632121310682
test_1607,0.03577829050783423
test_1608,0.5180984893973873
test_1609,0.9742348572280959
test_1610,0.9705554192178735
test_1611,0.01667856621127062
test_1612,0.8048525145478467
test_1613,0.09205755370014454
test_1614,0.9792818434112741
test_1617,0.008706660279714812
test_1618,0.030429891655968194
test_1619,0.0034220662684269322
test_1620,0.046286645468725365
test_1621,0.9060169085030703
test_1622,0.9528267887437399
test_1624,0.03884564052070308
test_1625,0.005668153289682673
test_1627,0.9146949095492463
test_1628,0.7724196457508079
test_1631,0.02954113963244951
test_1632,0.045894538249866994
test_1634,0.9496319076929094
test_1636,0.027379412138468517
test_1639,0.9821016715154876
test_1641,0.05592946089431126
test_1643,0.9632975196719927
test_1646,0.037624102444799815
test_1648,0.006316767577590495
test_1649,0.055086168073552835
test_1650,0.6852930311788601
test_1652,0.9859436215297087
test_1653,0.7605667192677835
test_1655,0.9703565022415344
test_1657,0.9827383705452901
test_1658,0.9805628698845963
test_1659,0.9711165527574035
test_1660,0.1202728529526976
test_1661,0.011044214622858652
test_1662,0.00750742320965742
test_1663,0.0349681026049229
test_1664,0.977928612518386
test_1665,0.4421072136203237
test_1666,0.7395048782476719
test_1667,0.5839584802984836
test_1669,0.8601475952202424
test_1670,0.9877194344988279
test_1671,0.6644589383266148
test_1672,0.9483910785237502
test_1674,0.9666432054693868
test_1677,0.021215901587014623
test_1678,0.9863037976811917
test_1679,0.9832492097987571
test_1681,0.04614692948413642
test_1683,0.005620661976309565
test_1684,0.0032491386292199304
test_1685,0.9664161797917374
test_1687,0.03535821603306657
test_1688,0.06281665595657436
test_1690,0.9867493553032378
test_1692,0.008234847176994124
test_1696,0.7917398876603272
test_1697,0.0034771982636332037
test_1698,0.9857179551315449
test_1699,0.9664791677804218
test_1704,0.9870259305138719
test_1705,0.007628482303132965
test_1707,0.8826831810007614
test_1708,0.9600569803635723
test_1709,0.9895198786003423
test_1710,0.9765324954976465
test_1712,0.9894498019939484
test_1713,0.9719346492811965
test_1715,0.9869365378673562
test_1716,0.004909907769652735
test_1717,0.0035134045880282462
test_1721,0.31390588316370144
test_1723,0.053801900705495044
test_1724,0.01603325854799839
test_1725,0.9911929240429442
test_1726,0.984168587790305
test_1727,0.009807919716397336
test_1728,0.6872417171370795
test_1729,0.0052046915774238926
test_1730,0.9849168539222994
test_1731,0.9030494783277285
test_1733,0.2226351297164176
test_1734,0.017109982194472777
test_1735,0.003912106930636805
test_1736,0.7662751304584903
test_1737,0.02100055344834886
test_1738,0.049033327777596766
test_1740,0.9496081187331489
test_1743,0.7740641816787754
test_1744,0.019052258207891498
test_1745,0.9686724754356767
test_1747,0.4456026058632629
test_1748,0.05364298921144815
test_1750,0.023392050176101915
test_1751,0.0038562824842260693
test_1752,0.02071655401622129
test_1753,0.038482260732086285
test_1754,0.008567884635482838
test_1756,0.01085171208752277
test_1757,0.9812930962128587
test_1759,0.9616268148960577
test_1760,0.0736873473389642
test_1762,0.9820505620393416
test_1763,0.19982594100599732
test_1764,0.013591808627620088
test_1765,0.9915548726892922
test_1766,0.9680101795028173
test_1767,0.9280907005893928
test_1768,0.0477860260369767
test_1769,0.9819507669476554
test_1771,0.5548284004888799
test_1772,0.027107423530500004
test_1773,0.024430934820723605
test_1774,0.9846686222787644
test_1775,0.5286313375072378
test_1776,0.8072912026908684
test_1777,0.0038965500434036417
test_1779,0.9883185086133788
test_1781,0.36586808498547174
test_1784,0.9866128027731988
test_1785,0.40565622263482914
test_1786,0.9880386101954732
test_1787,0.9800388720393421
test_1788,0.006103922489899707
test_1790,0.00394956382442268
test_1792,0.011845917151947483
test_1794,0.0034634801473433486
test_1795,0.9918288933229797
test_1797,0.05314615572274591
test_1799,0.6874837028228257
test_1804,0.889646565447116
test_1806,0.3138900335445495
test_1808,0.004697714109928572
test_1809,0.990983044750875
test_1811,0.003732160734280595
test_1812,0.006233200303541113
test_1813,0.9904610693156929
test_1814,0.9860199262937467
test_1815,0.6843889295166918
test_1816,0.9215909587981868
test_1818,0.5159187297532123
test_1819,0.3135639262402886
test_1820,0.9456571782769319
test_1821,0.9682126298057435
test_1823,0.0034078201410574147
test_1824,0.9822180157778302
test_1825,0.019108663467536213
test_1827,0.004409408874365512
test_1828,0.006324428523749243
test_1829,0.0434504037601645
test_1830,0.21036727537313835
test_1831,0.004965122642313317
test_1832,0.3687341046188025
test_1833,0.9483383888665982
test_1836,0.9701009344849787
test_1837,0.906082248215562
test_1838,0.005106658302188443
test_1840,0.037492694176936577
test_1841,0.8193120573811195
test_1843,0.9568006074013047
test_1844,0.0788741730785432
test_1846,0.9489073438926663
test_1847,0.992405925198257
test_1848,0.5023194900910541
test_1850,0.04201310159714373
test_1851,0.9644226716576224
test_1852,0.976684920443377
test_1853,0.9887277372596934
test_1854,0.35132879205443335
test_1856,0.006474221056453569
test_1858,0.9837315068012848
test_1860,0.6616589068533248
test_1864,0.004257018197045064
test_1866,0.004959920924548599
test_1867,0.9080171160311765
test_1868,0.00625420067061942
test_1870,0.6695597843482913
test_1872,0.9902805484860225
test_1873,0.9863978782232241
test_1874,0.006301243371025467
test_1876,0.1864846122195305
test_1877,0.9862783527409574
test_1878,0.005708496144823367
test_1879,0.0053990803819469755
test_1880,0.5159335450607848
test_1882,0.9626623723106744
test_1886,0.015192521389356997
test_1887,0.8238126952620777
test_1888,0.022620047742535107
test_1892,0.25958935601572325
test_1896,0.6386817975506645
test_1897,0.9692446687962262
test_1898,0.018604133271566466
test_1899,0.9779734899262861
test_1900,0.0094174830976267
test_1902,0.004685773438282894
test_1904,0.008267793775497797
test_1905,0.0963812870526175
test_1906,0.9818548484730881
test_1907,0.9855562729263667
test_1909,0.1565383150162694
test_1911,0.9724588683629276
test_1914,0.8061188688095392
test_1915,0.7729201323716369
test_1918,0.058925800413261786
test_1921,0.9644614547082648
test_1922,0.05832263512843709
test_1927,0.9715821634530073
test_1928,0.016010536313290545
test_1930,0.02292731186523898
test_1931,0.1287692757775531
test_1932,0.035614438338187684
test_1933,0.9710003198719528
test_1934,0.8816424044542845
test_1935,0.9097664508699722
test_1937,0.9753390010043954
test_1938,0.9842419098453752
test_1939,0.9412411097533251
test_1941,0.6463645125975199
test_1942,0.0029941993669240466
test_1943,0.9759751169340506
test_1945,0.03595026697582824
test_1946,0.9936585218852949
test_1947,0.9582107663961752
test_1948,0.8771584418213717
test_1949,0.9188852839436079
test_1951,0.5570675980290887
test_1952,0.022059906768298977
test_1954,0.9143892188652607
test_1955,0.028377261761450952
test_1956,0.11313400496068371
test_1957,0.006001288144158521
test_1959,0.9400884099519736
test_1960,0.00410772842133438
test_1961,0.25280649343477457
test_1967,0.00499568141059189
test_1969,0.6982802450905501
test_1970,0.965980351190171
test_1971,0.854170752367199
test_1972,0.9901613515165015
test_1973,0.05156382557589649
test_1975,0.9859721400352001
test_1976,0.17250784947847636
test_1977,0.825769361693214
test_1978,0.9770724734486977
test_1979,0.08290412142508957
test_1980,0.8276853346741913
test_1982,0.9194610347360161
test_1983,0.34933894843110724
test_1984,0.006339655182496054
test_1985,0.9611427230673357
test_1986,0.14960016664493148
test_1987,0.9924878333097258
test_1988,0.04704244949314981
test_1989,0.9790823750891754
test_1990,0.9805024793070686
test_1991,0.042866129486039635
test_1992,0.01930025441805581
test_1993,0.9171829578764179
test_1994,0.6542122715922438
test_1996,0.7554347834016606
test_1999,0.5136253177893814
test_2000,0.003943900114411751
test_2002,0.009375270598252324
test_2004,0.0035290046198965612
test_2005,0.008496710491925357
test_2007,0.03040355267183418
test_2010,0.9352463374252864
test_2011,0.8628485228515188
test_2012,0.9807241656632607
test_2014,0.004467532624159486
test_2015,0.005338143689798509
test_2016,0.8760118932230556
test_2017,0.9698192588080659
test_2018,0.965760173666974
test_2019,0.9778139311015275
test_2020,0.007172198363713434
test_2021,0.009726640598289602
test_2022,0.048562599520055316
test_2023,0.08805341473478541
test_2024,0.990831405721108
test_2026,0.12120985240083526
test_2027,0.3159572682256363
test_2028,0.20053609320849114
test_2030,0.9911772756836339
test_2031,0.03667607951259822
test_2032,0.9839079553733064
test_2034,0.9898384231472506
test_2035,0.01474822161680828
test_2036,0.9525590350423668
test_2037,0.004099528456962402
test_2038,0.9750854354793365
test_2039,0.9778878897621652
test_2041,0.47419335339447677
test_2043,0.17605134131262326
test_2044,0.08265170167729648
test_2046,0.9806412354801768
test_2049,0.9598457027512257
test_2051,0.9623798646229424
test_2052,0.10946181389021561
test_2053,0.6295162677914102
test_2054,0.9266143809406211
test_2055,0.7267742217212547
test_2058,0.9830082869899703
test_2060,0.9752469573739919
test_2061,0.9896775291899406
test_2063,0.009372642671202027
test_2064,0.9905868965182671
test_2065,0.07398919285381897
test_2066,0.8873970120215005
test_2070,0.04686508282308416
test_2071,0.9116622371585285
test_2073,0.984468504903413
test_2074,0.6968559122971107
test_2076,0.9884662923179549
test_2077,0.989409167781132
test_2078,0.05975020549983338
test_2079,0.059224675865601616
test_2080,0.9876601918318828
test_2081,0.9821295616417812
test_2082,0.6409091020821848
test_2084,0.017975816471069973
test_2086,0.9763891667363153
test_2087,0.9670084635824885
test_2088,0.018262539069220898
test_2093,0.01849172232846566
test_2094,0.9643488714737609
test_2095,0.006549939791705717
test_2096,0.9688648540656605
test_2097,0.010882807829211048
test_2098,0.9456067204362786
test_2099,0.9723021740713962
test_2100,0.021515063962654683
test_2101,0.6120016864434145
test_2102,0.017751773582786384
test_2104,0.9921257727550513
test_2106,0.9077125641933451
test_2111,0.963440070626288
test_2113,0.04447340185126031
test_2114,0.25083254696717344
test_2116,0.43458410026084415
test_2117,0.0108593263178564
test_2119,0.9696637247558273
test_2121,0.8554510801155274
test_2122,0.026212954320575788
test_2124,0.08757615663707874
test_2125,0.13902566514629205
test_2126,0.7792470772072277
test_2127,0.008391350554015364
test_2128,0.18545284713877735
test_2129,0.41189055220194265
test_2130,0.9842612279773437
test_2131,0.9677278358309641
test_2133,0.7136539897036006
test_2134,0.21241828136957933
test_2135,0.006312046711780021
test_2138,0.6754564440987074
test_2139,0.02705770579920639
test_2140,0.053461958971457
test_2141,0.0033662997962351964
test_2143,0.7663132455440194
test_2145,0.960723772350938
test_2147,0.8429058543651535
test_2148,0.2783699922985706
test_2151,0.8496279683607518
test_2153,0.9024407295901297
test_2155,0.003835728145307643
test_2157,0.014102015134753069
test_2158,0.9820031511874532
test_2159,0.013790039366923839
test_2160,0.9481407909753882
test_2161,0.7420154581031835
test_2162,0.9869273894871549
test_2163,0.004908356166692203
test_2164,0.11133466345395278
test_2166,0.7501120982455656
test_2168,0.0036992736067720773
test_2169,0.003943329973223114
test_2170,0.06044190036909776
test_2172,0.0043704512948917005
test_2173,0.9887490822409764
test_2174,0.7206891194324768
test_2176,0.00630841415331857
test_2177,0.766712319055643
test_2179,0.9355293329988787
test_2180,0.003471225026129758
test_2181,0.011590043154494413
test_2182,0.028641556410727836
test_2183,0.013404613845008231
test_2186,0.9195083908201681
test_2187,0.005915755596369696
test_2188,0.015734920282589025
test_2189,0.004687561150901682
test_2190,0.012268935925911207
test_2192,0.004392571123858516
test_2193,0.005659260799752735
test_2195,0.031558986942272084
test_2197,0.9851294045025727
test_2198,0.9466239996747474
test_2199,0.9819624511207208
test_2200,0.010352123675999126
test_2202,0.005227288696404332
test_2203,0.00440729561915821
test_2206,0.9429989802901414
test_2207,0.00469386244486521
test_2209,0.006505379439638574
test_2211,0.022749852747692124
test_2213,0.8955901031467768
test_2214,0.979904061290115
test_2215,0.9874617895901732
test_2216,0.9870192640740687
test_2218,0.03115969038020963
test_2219,0.9806845143882864
test_2220,0.9039224452091398
test_2221,0.003204263009207785
test_2222,0.7543790316499395
test_2224,0.9916751790197683
test_2226,0.969134341062146
test_2227,0.9300727575907294
test_2228,0.012056918494879405
test_2229,0.058862627501762785
test_2230,0.0036723830389483307
test_2231,0.8581822309266764
test_2233,0.9333456021995513
test_2234,0.9825935437784723
test_2235,0.9492598727305342
test_2236,0.035808537741494034
test_2237,0.8762101769842211
test_2239,0.9699595406593222
test_2241,0.03829819920501678
test_2242,0.9462487774789153
test_2245,0.0053059714151722035
test_2246,0.011181030798812195
test_2247,0.09144112819083923
test_2249,0.9925421759179793
test_2251,0.028453069467735858
test_2252,0.004535415125226794
test_2254,0.9421469195716702
test_2255,0.9801887845839264
test_2256,0.06501082932448436
test_2259,0.9854162580615624
test_2260,0.9879132141092295
test_2261,0.9914943966650309
test_2264,0.2585827360557655
test_2265,0.657684934226243
test_2266,0.9878954953775896
test_2267,0.11142674328241445
test_2268,0.9551080375437113
test_2270,0.02928429885743434
test_2273,0.08390425325109342
test_2274,0.9881528845848331
test_2275,0.861480379839174
test_2278,0.9490299017563937
test_2279,0.0036568587951185546
test_2280,0.2140001097472611
test_2282,0.578437175224207
test_2283,0.6993214725468697
test_2285,0.08303500186260594
test_2287,0.803851545180365
test_2290,0.4351544522673271
test_2293,0.5190682194250488
test_2295,0.3826240885095761
test_2299,0.04248868248211754
test_2300,0.0032115961934639906
test_2302,0.003671491923435132
test_2303,0.9276281934575744
test_2306,0.0038056517029375
test_2309,0.01336203757734141
test_2312,0.029941978174734214
test_2314,0.006493924256625728
test_2315,0.015511626461960842
test_2316,0.7053907358547326
test_2317,0.006890637400374408
test_2319,0.016133270958544464
test_2320,0.9899837135049164
test_2322,0.9823141837081689
test_2323,0.9822001669230366
test_2326,0.6341575768403225
test_2328,0.016370785765968655
test_2330,0.00697558222959465
test_2332,0.9801077065530249
test_2333,0.8611509785602612
test_2334,0.9931998698362007
test_2335,0.9831667749541486
test_2337,0.4213602928810537
test_2338,0.8381027251684534
test_2339,0.03790261983715077
test_2340,0.3017470322216432
test_2341,0.017398238184527973
test_2343,0.015789206222299793
test_2344,0.9919273476755265
test_2345,0.004042595580544863
test_2346,0.9863342127951981
test_2348,0.020273226297618317
test_2349,0.0051586104230301995
test_2352,0.8011762234683735
test_2353,0.00405963327316277
test_2354,0.07452267593300052
test_2356,0.9902892685737278
test_2357,0.9421664643236396
test_2358,0.8036530680001365
test_2362,0.026247173456215595
test_2364,0.008229048264567008
test_2365,0.0037066013786866032
test_2367,0.5436866850835071
test_2368,0.9760668289010477
test_2371,0.9740067090160401
test_2373,0.24606204844531915
test_2374,0.607142847886311
test_2375,0.954596504745046
test_2377,0.9652569957150406
test_2378,0.20879359614707135
test_2379,0.006794183274062946
test_2380,0.2801537864120651
test_2381,0.0185127520239031
test_2382,0.9791583895670621
test_2385,0.003793079488986097
test_2386,0.13969985060871093
test_2389,0.9798167013821442
test_2390,0.023596586972852284
test_2391,0.012105389626930044
test_2393,0.009831973229618344
test_2394,0.884516629051145
test_2396,0.782633954614958
test_2400,0.010422186488643256
test_2401,0.10847127073400853
test_2402,0.025272570783817856
test_2404,0.9862083506637092
test_2405,0.0928768311653307
test_2406,0.03550570271523213
test_2407,0.9628936463429845
test_2409,0.023892936081513317
test_2410,0.9917969024715211
test_2412,0.13004159392334025
test_2413,0.25462804229082076
test_2414,0.9872806537262117
test_2416,0.02258886550992819
test_2417,0.9835339692229175
test_2418,0.48792623327978213
test_2420,0.0036536811377231387
test_2423,0.004104199426895325
test_2424,0.015548955713830548
test_2425,0.9555266264433131
test_2426,0.0034391756413663273
test_2428,0.02549769853495797
test_2429,0.9872807617435777
test_2430,0.004053624646959584
test_2431,0.05230675709854897
test_2433,0.9885468918762113
test_2434,0.5961371946813167
test_2435,0.3132097750657513
test_2436,0.26073902887318334
test_2437,0.39218879029647424
test_2438,0.953064656236638
test_2439,0.0029858378472666603
test_2440,0.9916186667753454
test_2441,0.9908414726805574
test_2443,0.02220928693007667
test_2444,0.013189193714947676
test_2446,0.05525206227368009
test_2447,0.9526076350034973
test_2448,0.4957297702609302
test_2449,0.9923299756561414
test_2450,0.006111294203203648
test_2451,0.024198676760059608
test_2452,0.8772232716274575
test_2453,0.8959706898327566
test_2454,0.9183025933105237
test_2455,0.9944336836769653
test_2456,0.9841980249583268
test_2457,0.9851443669863255
test_2458,0.9709513358491357
test_2459,0.9593532896131087
test_2460,0.9764052770840689
test_2462,0.003621225890031894
test_2464,0.2052887408894247
test_2468,0.18680838191292454
test_2470,0.25656205808746635
test_2471,0.9583509067695533
test_2473,0.005713515885652517
test_2475,0.00922123919914716
test_2476,0.015441668073305928
test_2477,0.0057299355358526715
test_2481,0.006584448896151313
test_2482,0.9907332090167836
test_2484,0.46497405612080855
test_2485,0.9889289008714846
test_2486,0.9762732408113788
test_2487,0.004436331988805596
test_2489,0.019368048218374033
test_2492,0.9833803259975046
test_2493,0.947357621164177
test_2494,0.08483531020920526
test_2495,0.0036543492786378683
test_2496,0.6893479536394355
test_2497,0.016792990080428873
test_2499,0.95723431698783
test_2500,0.9571153563866114
test_2502,0.15438651786656074
test_2503,0.015525553827910338
test_2504,0.008331574454321252
test_2505,0.01114395312276033
test_2506,0.9847183252975678
test_2509,0.0028093130995344153
test_2510,0.01987227630763514
test_2511,0.0041917423831545775
test_2513,0.8628815652648921
test_2516,0.9784293164644037
test_2517,0.9124774415323026
test_2518,0.9656351037044392
test_2520,0.0449256938530835
test_2523,0.02148615815208785
test_2524,0.9904918352059473
test_2525,0.8425004991500623
test_2528,0.017186863901227582
test_2531,0.046411833738312244
test_2532,0.13339865966481043
test_2533,0.011444230539395504
test_2534,0.9911519874154446
test_2535,0.004728368786736864
test_2537,0.9674178822318362
test_2540,0.8752564490510627
test_2541,0.9511110838021135
test_2542,0.005813001698040112
test_2544,0.9912167464600957
test_2545,0.9363101367382687
test_2547,0.9420414564451223
test_2549,0.9897892932573118
test_2553,0.007181206208097412
test_2556,0.0175671583723317
test_2557,0.01855838482258927
test_2558,0.00451445657292272
test_2560,0.005773467320486487
test_2561,0.05171687586564786
test_2562,0.01852694155411821
test_2563,0.08774283934771371
test_2564,0.0160329467607843
test_2565,0.9318050704197558
test_2566,0.022841806508985856
test_2567,0.6421567064440884
test_2571,0.709786805501272
test_2572,0.006013415666293756
test_2574,0.003736337850206266
test_2575,0.9778636443079429
test_2576,0.004030013945671548
test_2577,0.7287736970936276
test_2578,0.20207875790404334
test_2579,0.004667285352728421
test_2581,0.9861847721228315
test_2582,0.9494628309233215
test_2583,0.026716753763491603
test_2584,0.0035778488285710666
test_2585,0.007267676587314245
test_2586,0.0128577383041101
test_2587,0.05095917858998894
test_2588,0.005303641138753749
test_2590,0.427325281965164
test_2593,0.017005679466613254
test_2595,0.9837742845339823
test_2596,0.9910192801219905
test_2597,0.8977021353503336
test_2598,0.18708436501578146
test_2600,0.9817053850423475
test_2602,0.9293204177796601
test_2603,0.4379006911313099
test_2604,0.9803088169899151
test_2605,0.9277055146097499
test_2606,0.08634574993678053
test_2608,0.004527490584341742
test_2610,0.9910475651787778
test_2611,0.9867751002926541
test_2612,0.9652959855982333
test_2613,0.9882771088045457
test_2614,0.9857242800283086
test_2616,0.9373209886681417
test_2617,0.3598988031904421
test_2620,0.0067266269213063805
test_2623,0.8694919524052646
test_2624,0.8018115079004472
test_2625,0.47989817013781655
test_2626,0.9694744532257896
test_2629,0.022304994457162837
test_2632,0.9562723971366216
test_2634,0.9886311515327734
test_2635,0.006218166714537499
test_2638,0.07238649123174194
test_2639,0.9620302335193334
test_2640,0.0058468380767186575
test_2641,0.012076224032627956
test_2642,0.9882796869988226
test_2643,0.8554220459092499
test_2646,0.12201096001654228
test_2648,0.9071814739214444
test_2649,0.9903946988750493
test_2651,0.9711015951391477
test_2652,0.9938767219779813
test_2653,0.9268308928384787
test_2654,0.029554559861801593
test_2656,0.04032862602722419
test_2659,0.9794582346731782
test_2662,0.010108893402045118
test_2663,0.0038724029316711934
test_2664,0.05024384761858108
test_2665,0.9636855315074209
test_2669,0.044833921788571436
test_2671,0.9850770487933618
test_2673,0.9607825210304444
test_2676,0.02066807181980149
test_2677,0.63333525897234
test_2678,0.038665513657483705
test_2681,0.2978131180849645
test_2682,0.03705825380064311
test_2683,0.0038855326030860283
test_2685,0.06345872139501416
test_2686,0.6996391060837112
test_2687,0.004648248729778372
test_2689,0.0033622610319968146
test_2693,0.09721717426083738
test_2694,0.9557851644824368
test_2696,0.2912378161242004
test_2699,0.6593704067949544
test_2700,0.0037757215051078723
test_2701,0.9798767132469693
test_2702,0.8070507048964295
test_2703,0.005812213787334182
test_2704,0.976100519189146
test_2705,0.937830782585926
test_2707,0.036913182538276294
test_2708,0.7209498707687528
test_2709,0.020550793151520842
test_2710,0.979907278380549
test_2711,0.993381844271951
test_2712,0.047260942124264356
test_2713,0.09940588723821137
test_2714,0.833287403449541
test_2715,0.13719002427282936
test_2716,0.004220808755286338
test_2717,0.9031031204215166
test_2718,0.8775111746872003
test_2721,0.9802527715288185
test_2722,0.056957053078605456
test_2723,0.021124885921901374
test_2724,0.04648753930956705
test_2725,0.9745188511140528
test_2726,0.09941172872992146
test_2727,0.9909032439084127
test_2728,0.2726701089242413
test_2729,0.01849718210116215
test_2731,0.025962285137365183
test_2732,0.9762843418006742
test_2733,0.9210369984753217
test_2735,0.8723628867614919
test_2736,0.9603880038385132
test_2739,0.9671790805634632
test_2740,0.006550354288814071
test_2741,0.004394256502415503
test_2742,0.005872864932650992
test_2743,0.010162583240487437
test_2746,0.9909643832483399
test_2748,0.18183774542139491
test_2749,0.9819293571928537
test_2750,0.9924039452705827
test_2751,0.9935145057637305
test_2752,0.020656185230431272
test_2753,0.9802259180763867
test_2754,0.01222788927600106
test_2755,0.31115215731441387
test_2756,0.9850771758982283
test_2757,0.012063571528027037
test_2758,0.9916017963555284
test_2759,0.8081577382934059
test_2761,0.26855907949539065
test_2762,0.005820869299360635
test_2766,0.16529252445024417
test_2772,0.03071545303868058
test_2773,0.8585549564344424
test_2774,0.014739508081070385
test_2775,0.9760178905742467
test_2776,0.9865817362889352
test_2780,0.937663669616232
test_2782,0.9461125965554944
test_2783,0.9665921964209101
test_2784,0.30851628159441324
test_2785,0.9135225085545187
test_2787,0.9940178038422912
test_2788,0.0059133978438887565
test_2789,0.9756167823563947
test_2791,0.9204658816060582
test_2792,0.023565490402640672
test_2794,0.041152291349959125
test_2795,0.26479609360821255
test_2796,0.02091180925910554
test_2798,0.03288792259569301
test_2800,0.0561949930223158
test_2801,0.006331772553973042
test_2802,0.9705737290435332
test_2804,0.6953483695140836
test_2805,0.0393315942992931
test_2809,0.012543347484659479
test_2813,0.9471618572855659
test_2816,0.14364131877939149
test_2819,0.018068189632570786
test_2820,0.9920461933578573
test_2821,0.9898572880504879
test_2823,0.9573407070973824
test_2824,0.01795712078043396
test_2825,0.5418167522871582
test_2826,0.9611760884291287
test_2827,0.003964710358662004
test_2829,0.04790695245630597
test_2830,0.9715290900155346
test_2831,0.04693632509217695
test_2832,0.8137576491215371
test_2833,0.9931860526588062
test_2834,0.008777560365386974
test_2838,0.8871886234362554
test_2839,0.9832194911843881
test_2840,0.9905033080123273
test_2842,0.9104578181155265
test_2843,0.9301447799503345
test_2845,0.006093498609968622
test_2846,0.017208663404300596
test_2848,0.9609801303820211
test_2849,0.9873072634285837
test_2851,0.004790171785801597
test_2852,0.009973779783072317
test_2853,0.02257139287954906
test_2854,0.01087748945581389
test_2855,0.004335839949735151
test_2856,0.9574484222342511
test_2857,0.02224803183447909
test_2858,0.9926486332878659
test_2860,0.010492946001633266
test_2861,0.9609554881703041
test_2862,0.011132456643424923
test_2864,0.0034231450557649563
test_2866,0.00979110829607459
test_2867,0.9685184206479696
test_2874,0.003439594437616741
test_2875,0.5695962798308988
test_2876,0.4618256511024924
test_2877,0.872829676692678
test_2879,0.014686910107545656
test_2880,0.28552497008500605
test_2881,0.9809588256779145
test_2882,0.7764034242814852
test_2883,0.9875606559170673
test_2884,0.004333811381847843
test_2885,0.07097186810947367
test_2886,0.005824882434794708
test_2888,0.037432236582665444
test_2889,0.026216449374358346
test_2890,0.9551332338110272
test_2893,0.9814320173118987
test_2894,0.8448727527303179
test_2895,0.9835705481640163
test_2896,0.32532382997075376
test_2897,0.8089303874630508
test_2899,0.23321361970583396
test_2900,0.005381036288357394
test_2901,0.9747544848079353
test_2902,0.06799390108679734
test_2905,0.9884485728273343
test_2906,0.00823530153408238
test_2907,0.9864491845518231
test_2910,0.016752968504147297
test_2911,0.9188778830560933
test_2912,0.8758949893640432
test_2913,0.9907632349335224
test_2914,0.09623243755366646
test_2916,0.3162452508533452
test_2917,0.9536068398409316
test_2918,0.006650516161475423
test_2920,0.9849564368284224
test_2921,0.7766765867571948
test_2924,0.9943650868718807
test_2925,0.9913302323480959
test_2926,0.005663160161666931
test_2927,0.9876290778891235
test_2929,0.003592278296363975
test_2930,0.864695108818116
test_2931,0.10852963324205615
test_2932,0.8913106759006372
test_2934,0.9434199559642007
test_2936,0.006406745706449504
test_2937,0.9670015511496631
test_2940,0.8505768792726736
